e_4_.jpg,0000000000000000000000000000000000000000000000000000000000000000000000000000000000000000000000000000000000000000000000000000000000000000000000000000000000000000000000000000000000000000000000000000000000000000000000000000000000000000000000000000000000000000000000000000000000000000000000000000000000000000000000000000000000000000000000000000000000000000000000000000000000000000000000000000000000000000000000000000000000000000000011111000000000000000000000000001111111100000000000000000000000111000011000000000000000000000011100000011000000000000000000000110000000110000000000000000000001111111111100000000000000000000011111111111000000000000000000000110000000000000000000000000000001100000000000000000000000000000011100000011000000000000000000000011100001110000000000000000000000011111111000000000000000000000000011111000000000000000000000000000000000000000000000000000000000000000000000000000000000000000000000000000000000000000000000000000000000000000000000000000000000000000000000000000000000000000000000000000000000000000
H_33_.jpg,0000000000000000000000000000000000000000000000000000000000000000000000000000000000000000000000000000000000000000000000000000000000000000000000000000000000000000000000000000000000000000000000000000000000000000000000000000000000000000000000000000000000000000000000000000000000000000000000000000000000110000000001100000000000000000001100000000011000000000000000000011000000000110000000000000000000110000000001100000000000000000001100000000011000000000000000000011000000000110000000000000000000110000000001100000000000000000001111111111111000000000000000000011111111111110000000000000000000110000000001100000000000000000001100000000011000000000000000000011000000000110000000000000000000110000000001100000000000000000001100000000011000000000000000000011000000000110000000000000000000110000000001100000000000000000001100000000011000000000000000000000000000000000000000000000000000000000000000000000000000000000000000000000000000000000000000000000000000000000000000000000000000000000000000000000000000000000000000000000000000000000
c_2_.jpg,0000000000000000000000000000000000000000000000000000000000000000000000000000000000000000000000000000000000000000000000000000000000000000000000000000000000000000000000000000000000000000000000000000000000000000000000000000000000000000000000000000000000000000000000000000000000000000000000000000000000000000000000000000000000000000000000000000000000000000000000000000000000000000000000000000000000000000000000000000000000000000000011111000000000000000000000000001111111000000000000000000000000111000111000000000000000000000011100000110000000000000000000000110000000000000000000000000000001100000000000000000000000000000011000000000000000000000000000000110000000000000000000000000000001100000000000000000000000000000011100000111000000000000000000000011100001100000000000000000000000011111111000000000000000000000000011111000000000000000000000000000000000000000000000000000000000000000000000000000000000000000000000000000000000000000000000000000000000000000000000000000000000000000000000000000000000000000000000000000000000000000
i_8_.jpg,0000000000000000000000000000000000000000000000000000000000000000000000000000000000000000000000000000000000000000000000000000000000000000000000000000000000000000000000000000000000000000000000000000000000000000000000000000000000000000000000000000000000000000000000000000000000000000000000000000000000110000000000000000000000000000001100000000000000000000000000000000000000000000000000000000000000000000000000000000000000000000001100000000000000000000000000000011000000000000000000000000000000110000000000000000000000000000001100000000000000000000000000000011000000000000000000000000000000110000000000000000000000000000001100000000000000000000000000000011000000000000000000000000000000110000000000000000000000000000001100000000000000000000000000000011000000000000000000000000000000110000000000000000000000000000001100000000000000000000000000000000000000000000000000000000000000000000000000000000000000000000000000000000000000000000000000000000000000000000000000000000000000000000000000000000000000000000000000000000000000000000
O_40_.jpg,0000000000000000000000000000000000000000000000000000000000000000000000000000000000000000000000000000000000000000000000000000000000000000000000000000000000000000000000000000000000000000000000000000000000000000000000000000000000000000000000000000000000000000000000000000000000000000000000000000000000000011111100000000000000000000000011111111110000000000000000000001111000001110000000000000000000011000000001110000000000000000001100000000001110000000000000000011000000000001100000000000000001110000000000011000000000000000011100000000000110000000000000000110000000000001110000000000000001110000000000011100000000000000011100000000000110000000000000000011000000000001100000000000000000111000000000111000000000000000000110000000011100000000000000000001111000001110000000000000000000000111111111000000000000000000000000111111000000000000000000000000000000000000000000000000000000000000000000000000000000000000000000000000000000000000000000000000000000000000000000000000000000000000000000000000000000000000000000000000000000000000
l_11_.jpg,0000000000000000000000000000000000000000000000000000000000000000000000000000000000000000000000000000000000000000000000000000000000000000000000000000000000000000000000000000000000000000000000000000000000000000000000000000000000000000000000000000000000000000000000000000000000000000000000000000000001110000000000000000000000000000011100000000000000000000000000000011000000000000000000000000000000110000000000000000000000000000001100000000000000000000000000000011000000000000000000000000000000110000000000000000000000000000001100000000000000000000000000000011000000000000000000000000000000110000000000000000000000000000001100000000000000000000000000000011000000000000000000000000000000110000000000000000000000000000001100000000000000000000000000000011000000000000000000000000000000110000000000000000000000000000001100000000000000000000000000000000000000000000000000000000000000000000000000000000000000000000000000000000000000000000000000000000000000000000000000000000000000000000000000000000000000000000000000000000000000000000
Y_50_.jpg,0000000000000000000000000000000000000000000000000000000000000000000000000000000000000000000000000000000000000000000000000000000000000000000000000000000000000000000000000000000000000000000000000000000000000000000000000000000000000000000000000000000000000000000000000000000000000000000000000000000011100000000001110000000000000000011100000000111000000000000000000011100000011100000000000000000000011000000110000000000000000000000111000011100000000000000000000000111001110000000000000000000000001110011000000000000000000000000001111110000000000000000000000000001111000000000000000000000000000011100000000000000000000000000000011000000000000000000000000000000110000000000000000000000000000001100000000000000000000000000000011000000000000000000000000000000110000000000000000000000000000001100000000000000000000000000000011000000000000000000000000000000000000000000000000000000000000000000000000000000000000000000000000000000000000000000000000000000000000000000000000000000000000000000000000000000000000000000000000000000000000000
w_22_.jpg,0000000000000000000000000000000000000000000000000000000000000000000000000000000000000000000000000000000000000000000000000000000000000000000000000000000000000000000000000000000000000000000000000000000000000000000000000000000000000000000000000000000000000000000000000000000000000000000000000000000000000000000000000000000000000000000000000000000000000000000000000000000000000000000000000000000000000000000000000000000000000000110000011100000110000000000000000110000111000001100000000000000001100001110000110000000000000000011000011110001100000000000000000110001101100011000000000000000000110011011000110000000000000000001100110110011000000000000000000011001000110110000000000000000000010110001101100000000000000000000111100011110000000000000000000001111000111100000000000000000000011100000111000000000000000000000011000001100000000000000000000000000000000000000000000000000000000000000000000000000000000000000000000000000000000000000000000000000000000000000000000000000000000000000000000000000000000000000000000000000000000000
E_30_.jpg,0000000000000000000000000000000000000000000000000000000000000000000000000000000000000000000000000000000000000000000000000000000000000000000000000000000000000000000000000000000000000000000000000000000000000000000000000000000000000000000000000000000000000000000000000000000000000000000000000000000000111111111111000000000000000000001111111111110000000000000000000011000000000000000000000000000000110000000000000000000000000000001100000000000000000000000000000011000000000000000000000000000000110000000000000000000000000000001111111111110000000000000000000011111111111100000000000000000000110000000000000000000000000000001100000000000000000000000000000011000000000000000000000000000000110000000000000000000000000000001100000000000000000000000000000011000000000000000000000000000000111111111111100000000000000000001111111111111000000000000000000000000000000000000000000000000000000000000000000000000000000000000000000000000000000000000000000000000000000000000000000000000000000000000000000000000000000000000000000000000000000000
J_35_.jpg,0000000000000000000000000000000000000000000000000000000000000000000000000000000000000000000000000000000000000000000000000000000000000000000000000000000000000000000000000000000000000000000000000000000000000000000000000000000000000000000000000000000000000000000000000000000000000000000000000000000000000000110000000000000000000000000000001100000000000000000000000000000011000000000000000000000000000000110000000000000000000000000000001100000000000000000000000000000011000000000000000000000000000000110000000000000000000000000000001100000000000000000000000000000011000000000000000000000000000000110000000000000000000000000000001100000000000000000000000000000011000000000000000000000001100000110000000000000000000000011000001100000000000000000000000111000111000000000000000000000000111111100000000000000000000000000111110000000000000000000000000000000000000000000000000000000000000000000000000000000000000000000000000000000000000000000000000000000000000000000000000000000000000000000000000000000000000000000000000000000000000000
T_45_.jpg,0000000000000000000000000000000000000000000000000000000000000000000000000000000000000000000000000000000000000000000000000000000000000000000000000000000000000000000000000000000000000000000000000000000000000000000000000000000000000000000000000000000000000000000000000000000000000000000000000000000001111111111111000000000000000000011111111111110000000000000000000000001100000000000000000000000000000011100000000000000000000000000000111000000000000000000000000000001100000000000000000000000000000011100000000000000000000000000000111000000000000000000000000000001110000000000000000000000000000011100000000000000000000000000000111000000000000000000000000000001110000000000000000000000000000011100000000000000000000000000000111000000000000000000000000000001110000000000000000000000000000011100000000000000000000000000000110000000000000000000000000000000000000000000000000000000000000000000000000000000000000000000000000000000000000000000000000000000000000000000000000000000000000000000000000000000000000000000000000000000000000000
r_17_.jpg,0000000000000000000000000000000000000000000000000000000000000000000000000000000000000000000000000000000000000000000000000000000000000000000000000000000000000000000000000000000000000000000000000000000000000000000000000000000000000000000000000000000000000000000000000000000000000000000000000000000000000000000000000000000000000000000000000000000000000000000000000000000000000000000000000000000000000000000000000000000000000000011001110000000000000000000000000011111100000000000000000000000000111000000000000000000000000000001100000000000000000000000000000011000000000000000000000000000000110000000000000000000000000000001100000000000000000000000000000011000000000000000000000000000000110000000000000000000000000000001100000000000000000000000000000011000000000000000000000000000000110000000000000000000000000000001100000000000000000000000000000000000000000000000000000000000000000000000000000000000000000000000000000000000000000000000000000000000000000000000000000000000000000000000000000000000000000000000000000000000000000000
F_31_.jpg,0000000000000000000000000000000000000000000000000000000000000000000000000000000000000000000000000000000000000000000000000000000000000000000000000000000000000000000000000000000000000000000000000000000000000000000000000000000000000000000000000000000000000000000000000000000000000000000000000000000000111111111111000000000000000000001111111111110000000000000000000011000000000000000000000000000000110000000000000000000000000000001100000000000000000000000000000011000000000000000000000000000000110000000000000000000000000000001111111111000000000000000000000011111111110000000000000000000000110000000000000000000000000000001100000000000000000000000000000011000000000000000000000000000000110000000000000000000000000000001100000000000000000000000000000011000000000000000000000000000000110000000000000000000000000000001100000000000000000000000000000000000000000000000000000000000000000000000000000000000000000000000000000000000000000000000000000000000000000000000000000000000000000000000000000000000000000000000000000000000000000000
t_19_.jpg,0000000000000000000000000000000000000000000000000000000000000000000000000000000000000000000000000000000000000000000000000000000000000000000000000000000000000000000000000000000000000000000000000000000000000000000000000000000000000000000000000000000000000000000000000000000000000000000000000000000000010000000000000000000000000000001100000000000000000000000000000011000000000000000000000000000000110000000000000000000000000000111111000000000000000000000000001111110000000000000000000000000000110000000000000000000000000000001100000000000000000000000000000011000000000000000000000000000000110000000000000000000000000000001100000000000000000000000000000011000000000000000000000000000000110000000000000000000000000000001100000000000000000000000000000011000000000000000000000000000000111100000000000000000000000000000111000000000000000000000000000000000000000000000000000000000000000000000000000000000000000000000000000000000000000000000000000000000000000000000000000000000000000000000000000000000000000000000000000000000000000000
W_48_.jpg,0000000000000000000000000000000000000000000000000000000000000000000000000000000000000000000000000000000000000000000000000000000000000000000000000000000000000000000000000000000000000000000000000000000000000000000000000000000000000000000000000000000000000000000000000000000000000000000000000000000011100000001110000000110000000000011000000011100000001100000000000110000001111100000111000000000001100000011011000001100000000000001100000110110000011000000000000011000011001100000110000000000000110000110001100011100000000000001100001100011000110000000000000001100011000110001100000000000000011001100001100011000000000000000110011000001100100000000000000001100110000011011000000000000000001101000000110110000000000000000011110000000111100000000000000000111100000001110000000000000000000111000000011100000000000000000001100000000111000000000000000000000000000000000000000000000000000000000000000000000000000000000000000000000000000000000000000000000000000000000000000000000000000000000000000000000000000000000000000000000000000000
q_16_.jpg,0000000000000000000000000000000000000000000000000000000000000000000000000000000000000000000000000000000000000000000000000000000000000000000000000000000000000000000000000000000000000000000000000000000000000000000000000000000000000000000000000000000000000000000000000000000000000000000000000000000000000000000000000000000000000000000000000000000000000000000000000000000000000000000000000000000000000000000000000000000000000000000011110011000000000000000000000011111110110000000000000000000000111000111100000000000000000000011100000111000000000000000000000110000001110000000000000000000001100000001100000000000000000000011000000011000000000000000000000110000000110000000000000000000001100000011100000000000000000000011100000111000000000000000000000011100011110000000000000000000000011111111100000000000000000000000011110011000000000000000000000000000000110000000000000000000000000000001100000000000000000000000000000011000000000000000000000000000000110000000000000000000000000000001100000000000000000000000000000000000000000000
L_37_.jpg,0000000000000000000000000000000000000000000000000000000000000000000000000000000000000000000000000000000000000000000000000000000000000000000000000000000000000000000000000000000000000000000000000000000000000000000000000000000000000000000000000000000000000000000000000000000000000000000000000000000000110000000000000000000000000000001100000000000000000000000000000011000000000000000000000000000000110000000000000000000000000000001100000000000000000000000000000011000000000000000000000000000000110000000000000000000000000000001100000000000000000000000000000011000000000000000000000000000000110000000000000000000000000000001100000000000000000000000000000011000000000000000000000000000000110000000000000000000000000000001100000000000000000000000000000011000000000000000000000000000000111111111110000000000000000000001111111111000000000000000000000000000000000000000000000000000000000000000000000000000000000000000000000000000000000000000000000000000000000000000000000000000000000000000000000000000000000000000000000000000000000000
I_34_.jpg,0000000000000000000000000000000000000000000000000000000000000000000000000000000000000000000000000000000000000000000000000000000000000000000000000000000000000000000000000000000000000000000000000000000000000000000000000000000000000000000000000000000000000000000000000000000000000000000000000000000000111000000000000000000000000000001110000000000000000000000000000011000000000000000000000000000000111000000000000000000000000000001110000000000000000000000000000011100000000000000000000000000000110000000000000000000000000000001110000000000000000000000000000011100000000000000000000000000000111000000000000000000000000000001110000000000000000000000000000011100000000000000000000000000000111000000000000000000000000000001110000000000000000000000000000011100000000000000000000000000000110000000000000000000000000000001110000000000000000000000000000000000000000000000000000000000000000000000000000000000000000000000000000000000000000000000000000000000000000000000000000000000000000000000000000000000000000000000000000000000000000000
C_28_.jpg,0000000000000000000000000000000000000000000000000000000000000000000000000000000000000000000000000000000000000000000000000000000000000000000000000000000000000000000000000000000000000000000000000000000000000000000000000000000000000000000000000000000000000000000000000000000000000000000000000000000000000001111100000000000000000000000011111111110000000000000000000001111000011110000000000000000000011000000001110000000000000000001110000000011100000000000000000011000000000000000000000000000001110000000000000000000000000000011100000000000000000000000000000111000000000000000000000000000001110000000000000000000000000000011100000000000000000000000000000011000000000011000000000000000000111000000001110000000000000000001110000000011100000000000000000001111000011110000000000000000000001111111111000000000000000000000000111111000000000000000000000000000000000000000000000000000000000000000000000000000000000000000000000000000000000000000000000000000000000000000000000000000000000000000000000000000000000000000000000000000000000000
b_1_.jpg,0000000000000000000000000000000000000000000000000000000000000000000000000000000000000000000000000000000000000000000000000000000000000000000000000000000000000000000000000000000000000000000000000000000000000000000000000000000000000000000000000000000000000000000000000000000000000000000000000000000000110000000000000000000000000000001100000000000000000000000000000011000000000000000000000000000000110000000000000000000000000000001101111000000000000000000000000011111111100000000000000000000000111000011000000000000000000000001100000111000000000000000000000011000000110000000000000000000000110000001100000000000000000000001000000011000000000000000000000011000000110000000000000000000000110000001100000000000000000000001100000111000000000000000000000011100011100000000000000000000000111111111000000000000000000000011001111000000000000000000000000000000000000000000000000000000000000000000000000000000000000000000000000000000000000000000000000000000000000000000000000000000000000000000000000000000000000000000000000000000000000000
P_41_.jpg,0000000000000000000000000000000000000000000000000000000000000000000000000000000000000000000000000000000000000000000000000000000000000000000000000000000000000000000000000000000000000000000000000000000000000000000000000000000000000000000000000000000000000000000000000000000000000000000000000000000000111111111100000000000000000000001111111111110000000000000000000011000000011100000000000000000000110000000011100000000000000000001100000000011000000000000000000011000000000110000000000000000000110000000011100000000000000000001100000001110000000000000000000011111111111000000000000000000000111111111100000000000000000000001100000000000000000000000000000011000000000000000000000000000000110000000000000000000000000000001100000000000000000000000000000011000000000000000000000000000000110000000000000000000000000000001100000000000000000000000000000000000000000000000000000000000000000000000000000000000000000000000000000000000000000000000000000000000000000000000000000000000000000000000000000000000000000000000000000000000000000000
h_7_.jpg,0000000000000000000000000000000000000000000000000000000000000000000000000000000000000000000000000000000000000000000000000000000000000000000000000000000000000000000000000000000000000000000000000000000000000000000000000000000000000000000000000000000000000000000000000000000000000000000000000000000000110000000000000000000000000000001100000000000000000000000000000011000000000000000000000000000000110000000000000000000000000000001101111100000000000000000000000011111111100000000000000000000000111000011000000000000000000000001100000111000000000000000000000011000001110000000000000000000000110000001100000000000000000000001100000011000000000000000000000011000000110000000000000000000000110000001100000000000000000000001100000011000000000000000000000011000000110000000000000000000000110000001100000000000000000000001100000011000000000000000000000000000000000000000000000000000000000000000000000000000000000000000000000000000000000000000000000000000000000000000000000000000000000000000000000000000000000000000000000000000000000000
Z_51_.jpg,0000000000000000000000000000000000000000000000000000000000000000000000000000000000000000000000000000000000000000000000000000000000000000000000000000000000000000000000000000000000000000000000000000000000000000000000000000000000000000000000000000000000000000000000000000000000000000000000000000000001111111111111000000000000000000011111111111110000000000000000000000000000011000000000000000000000000000001110000000000000000000000000000111000000000000000000000000000011100000000000000000000000000001110000000000000000000000000000111000000000000000000000000000001100000000000000000000000000000111000000000000000000000000000011100000000000000000000000000001110000000000000000000000000000011000000000000000000000000000001100000000000000000000000000000111000000000000000000000000000001111111111111000000000000000000111111111111110000000000000000000000000000000000000000000000000000000000000000000000000000000000000000000000000000000000000000000000000000000000000000000000000000000000000000000000000000000000000000000000000000000000
M_38_.jpg,0000000000000000000000000000000000000000000000000000000000000000000000000000000000000000000000000000000000000000000000000000000000000000000000000000000000000000000000000000000000000000000000000000000000000000000000000000000000000000000000000000000000000000000000000000000000000000000000000000000000111000000000011100000000000000001111000000000111000000000000000011110000000011110000000000000000110100000000111100000000000000001101100000001011000000000000000011011000000110110000000000000000110110000001001100000000000000001100110000010011000000000000000011001100001100110000000000000000110011000010001100000000000000001100011000100011000000000000000011000110011000110000000000000000110001100100001100000000000000001100001111000011000000000000000011000011110000110000000000000000110000111000001100000000000000001100000110000011000000000000000000000000000000000000000000000000000000000000000000000000000000000000000000000000000000000000000000000000000000000000000000000000000000000000000000000000000000000000000000000000000000
u_20_.jpg,0000000000000000000000000000000000000000000000000000000000000000000000000000000000000000000000000000000000000000000000000000000000000000000000000000000000000000000000000000000000000000000000000000000000000000000000000000000000000000000000000000000000000000000000000000000000000000000000000000000000000000000000000000000000000000000000000000000000000000000000000000000000000000000000000000000000000000000000000000000000000000011100000111000000000000000000000011000001110000000000000000000000110000001100000000000000000000001100000011000000000000000000000011000000110000000000000000000001110000001100000000000000000000001100000111000000000000000000000011000001110000000000000000000001110000011100000000000000000000001100000111000000000000000000000011100011110000000000000000000000111111101100000000000000000000000011110011000000000000000000000000000000000000000000000000000000000000000000000000000000000000000000000000000000000000000000000000000000000000000000000000000000000000000000000000000000000000000000000000000000000000
G_32_.jpg,0000000000000000000000000000000000000000000000000000000000000000000000000000000000000000000000000000000000000000000000000000000000000000000000000000000000000000000000000000000000000000000000000000000000000000000000000000000000000000000000000000000000000000000000000000000000000000000000000000000000000001111110000000000000000000000001111111111000000000000000000001111000001111000000000000000000011100000000110000000000000000001110000000000110000000000000000011000000000000000000000000000000110000000000000000000000000000011100000000000000000000000000000111000000111111100000000000000001110000001111111000000000000000011100000000000110000000000000000011000000000001100000000000000000111000000000011000000000000000000111000000001110000000000000000000111000000111100000000000000000000111111111100000000000000000000000011111100000000000000000000000000000000000000000000000000000000000000000000000000000000000000000000000000000000000000000000000000000000000000000000000000000000000000000000000000000000000000000000000000000000000
j_9_.jpg,0000000000000000000000000000000000000000000000000000000000000000000000000000000000000000000000000000000000000000000000000000000000000000000000000000000000000000000000000000000000000000000000000000000000000000000000000000000000000000000000000000000000000000000000000000000000000000000000000000000000110000000000000000000000000000001100000000000000000000000000000000000000000000000000000000000000000000000000000000000000000000001100000000000000000000000000000011000000000000000000000000000000110000000000000000000000000000001100000000000000000000000000000011000000000000000000000000000000110000000000000000000000000000001100000000000000000000000000000011000000000000000000000000000000110000000000000000000000000000001100000000000000000000000000000011000000000000000000000000000000110000000000000000000000000000001100000000000000000000000000000011000000000000000000000000000000110000000000000000000000000000011000000000000000000000000000011110000000000000000000000000000111000000000000000000000000000000000000000000000000000000
B_27_.jpg,0000000000000000000000000000000000000000000000000000000000000000000000000000000000000000000000000000000000000000000000000000000000000000000000000000000000000000000000000000000000000000000000000000000000000000000000000000000000000000000000000000000000000000000000000000000000000000000000000000000000111111111000000000000000000000001111111111100000000000000000000011000000011000000000000000000000110000000111000000000000000000001100000000110000000000000000000011000000011100000000000000000000110000001110000000000000000000001111111111000000000000000000000011111111110000000000000000000000110000000111000000000000000000001100000000110000000000000000000011000000001110000000000000000000110000000011100000000000000000001100000000110000000000000000000011000000011100000000000000000000111111111110000000000000000000001111111111000000000000000000000000000000000000000000000000000000000000000000000000000000000000000000000000000000000000000000000000000000000000000000000000000000000000000000000000000000000000000000000000000000000000
p_15_.jpg,0000000000000000000000000000000000000000000000000000000000000000000000000000000000000000000000000000000000000000000000000000000000000000000000000000000000000000000000000000000000000000000000000000000000000000000000000000000000000000000000000000000000000000000000000000000000000000000000000000000000000000000000000000000000000000000000000000000000000000000000000000000000000000000000000000000000000000000000000000000000000000001001111000000000000000000000000011111111100000000000000000000000111000011000000000000000000000001100000111000000000000000000000011000000110000000000000000000000110000001100000000000000000000001000000011000000000000000000000011000000110000000000000000000000110000001100000000000000000000001100000011000000000000000000000011100011100000000000000000000000111111111000000000000000000000001101111000000000000000000000000011000000000000000000000000000000110000000000000000000000000000001100000000000000000000000000000011000000000000000000000000000000110000000000000000000000000000000000000000000000000000
f_5_.jpg,0000000000000000000000000000000000000000000000000000000000000000000000000000000000000000000000000000000000000000000000000000000000000000000000000000000000000000000000000000000000000000000000000000000000000000000000000000000000000000000000000000000000000000000000000000000000000000000000000000000000011110000000000000000000000000001111100000000000000000000000000011000000000000000000000000000000110000000000000000000000000000111111100000000000000000000000001111111000000000000000000000000000110000000000000000000000000000001100000000000000000000000000000011000000000000000000000000000000110000000000000000000000000000001100000000000000000000000000000011000000000000000000000000000000110000000000000000000000000000001100000000000000000000000000000011000000000000000000000000000000110000000000000000000000000000001100000000000000000000000000000000000000000000000000000000000000000000000000000000000000000000000000000000000000000000000000000000000000000000000000000000000000000000000000000000000000000000000000000000000000000000
S_44_.jpg,0000000000000000000000000000000000000000000000000000000000000000000000000000000000000000000000000000000000000000000000000000000000000000000000000000000000000000000000000000000000000000000000000000000000000000000000000000000000000000000000000000000000000000000000000000000000000000000000000000000000000111111000000000000000000000000111111111000000000000000000000011100000111000000000000000000000110000000011000000000000000000001100000000110000000000000000000011000000000000000000000000000000111100000000000000000000000000000111111100000000000000000000000000011111111000000000000000000000000000011111000000000000000000000000000000110000000000000000000110000000001110000000000000000001110000000011100000000000000000001100000000111000000000000000000011110000011100000000000000000000011111111110000000000000000000000001111110000000000000000000000000000000000000000000000000000000000000000000000000000000000000000000000000000000000000000000000000000000000000000000000000000000000000000000000000000000000000000000000000000000000000
z_25_.jpg,0000000000000000000000000000000000000000000000000000000000000000000000000000000000000000000000000000000000000000000000000000000000000000000000000000000000000000000000000000000000000000000000000000000000000000000000000000000000000000000000000000000000000000000000000000000000000000000000000000000000000000000000000000000000000000000000000000000000000000000000000000000000000000000000000000000000000000000000000000000000000000011111111110000000000000000000000111111111100000000000000000000000000000110000000000000000000000000000011000000000000000000000000000001110000000000000000000000000000111000000000000000000000000000011100000000000000000000000000000110000000000000000000000000000011000000000000000000000000000001110000000000000000000000000000111000000000000000000000000000001111111111000000000000000000000111111111111000000000000000000000000000000000000000000000000000000000000000000000000000000000000000000000000000000000000000000000000000000000000000000000000000000000000000000000000000000000000000000000000000000000000
V_47_.jpg,0000000000000000000000000000000000000000000000000000000000000000000000000000000000000000000000000000000000000000000000000000000000000000000000000000000000000000000000000000000000000000000000000000000000000000000000000000000000000000000000000000000000000000000000000000000000000000000000000000000011100000000001110000000000000000011000000000011000000000000000000111000000000110000000000000000001110000000011000000000000000000001100000000110000000000000000000011100000011100000000000000000000011000000110000000000000000000000110000001100000000000000000000001110000110000000000000000000000001100001100000000000000000000000011000111000000000000000000000000011001100000000000000000000000000110011000000000000000000000000001111100000000000000000000000000001111000000000000000000000000000011110000000000000000000000000000111000000000000000000000000000000000000000000000000000000000000000000000000000000000000000000000000000000000000000000000000000000000000000000000000000000000000000000000000000000000000000000000000000000000000000
Q_42_.jpg,0000000000000000000000000000000000000000000000000000000000000000000000000000000000000000000000000000000000000000000000000000000000000000000000000000000000000000000000000000000000000000000000000000000000000000000000000000000000000000000000000000000000000000000000000000000000000000000000000000000000000011111100000000000000000000000011111111110000000000000000000001111000001110000000000000000000011000000001110000000000000000001100000000001110000000000000000111000000000001100000000000000001110000000000011000000000000000011000000000000110000000000000000110000000000001100000000000000001100000000000011000000000000000011100000000000110000000000000000111000000000001100000000000000000110000001000111000000000000000001110000011111100000000000000000001111000011110000000000000000000001111111111110000000000000000000000111111001110000000000000000000000000000000100000000000000000000000000000000000000000000000000000000000000000000000000000000000000000000000000000000000000000000000000000000000000000000000000000000000000000000000
x_23_.jpg,0000000000000000000000000000000000000000000000000000000000000000000000000000000000000000000000000000000000000000000000000000000000000000000000000000000000000000000000000000000000000000000000000000000000000000000000000000000000000000000000000000000000000000000000000000000000000000000000000000000000000000000000000000000000000000000000000000000000000000000000000000000000000000000000000000000000000000000000000000000000000000011000000110000000000000000000000011000011000000000000000000000000111001110000000000000000000000000110011000000000000000000000000000111100000000000000000000000000001111000000000000000000000000000001110000000000000000000000000000111100000000000000000000000000011111100000000000000000000000000110011000000000000000000000000011000011000000000000000000000001110000111000000000000000000000011000000110000000000000000000000000000000000000000000000000000000000000000000000000000000000000000000000000000000000000000000000000000000000000000000000000000000000000000000000000000000000000000000000000000000000000
n_13_.jpg,0000000000000000000000000000000000000000000000000000000000000000000000000000000000000000000000000000000000000000000000000000000000000000000000000000000000000000000000000000000000000000000000000000000000000000000000000000000000000000000000000000000000000000000000000000000000000000000000000000000000000000000000000000000000000000000000000000000000000000000000000000000000000000000000000000000000000000000000000000000000000000001001111100000000000000000000000011111111100000000000000000000000111000011000000000000000000000001100000111000000000000000000000011000001110000000000000000000000110000001100000000000000000000001100000011000000000000000000000011000000110000000000000000000000110000001100000000000000000000001100000011000000000000000000000011000000110000000000000000000000110000001100000000000000000000001100000011000000000000000000000000000000000000000000000000000000000000000000000000000000000000000000000000000000000000000000000000000000000000000000000000000000000000000000000000000000000000000000000000000000000000
k_10_.jpg,0000000000000000000000000000000000000000000000000000000000000000000000000000000000000000000000000000000000000000000000000000000000000000000000000000000000000000000000000000000000000000000000000000000000000000000000000000000000000000000000000000000000000000000000000000000000000000000000000000000000110000000000000000000000000000001100000000000000000000000000000011000000000000000000000000000000110000000000000000000000000000001100001110000000000000000000000011000111000000000000000000000000110011100000000000000000000000001101110000000000000000000000000011111000000000000000000000000000111110000000000000000000000000001111110000000000000000000000000011001100000000000000000000000000110001100000000000000000000000001100011100000000000000000000000011000011000000000000000000000000110000111000000000000000000000001100000111000000000000000000000000000000000000000000000000000000000000000000000000000000000000000000000000000000000000000000000000000000000000000000000000000000000000000000000000000000000000000000000000000000000000
R_43_.jpg,0000000000000000000000000000000000000000000000000000000000000000000000000000000000000000000000000000000000000000000000000000000000000000000000000000000000000000000000000000000000000000000000000000000000000000000000000000000000000000000000000000000000000000000000000000000000000000000000000000000000111111111110000000000000000000001111111111110000000000000000000011000000001110000000000000000000110000000001100000000000000000001100000000011100000000000000000011000000000110000000000000000000110000000011100000000000000000001111111111110000000000000000000011111111111000000000000000000000110000011100000000000000000000001100000011100000000000000000000011000000011000000000000000000000110000000111000000000000000000001100000000111000000000000000000011000000000110000000000000000000110000000001110000000000000000001100000000001110000000000000000000000000000000000000000000000000000000000000000000000000000000000000000000000000000000000000000000000000000000000000000000000000000000000000000000000000000000000000000000000000000000
X_49_.jpg,0000000000000000000000000000000000000000000000000000000000000000000000000000000000000000000000000000000000000000000000000000000000000000000000000000000000000000000000000000000000000000000000000000000000000000000000000000000000000000000000000000000000000000000000000000000000000000000000000000000001110000000001100000000000000000001110000000110000000000000000000001100000011100000000000000000000011100001110000000000000000000000011100111000000000000000000000000011101100000000000000000000000000011111000000000000000000000000000111100000000000000000000000000001111000000000000000000000000000011110000000000000000000000000001111110000000000000000000000000111001110000000000000000000000011100001110000000000000000000000110000001100000000000000000000011100000011100000000000000000001110000000011100000000000000000111000000000011100000000000000000000000000000000000000000000000000000000000000000000000000000000000000000000000000000000000000000000000000000000000000000000000000000000000000000000000000000000000000000000000000000000
 _52_.jpg,0000000000000000000000000000000000000000000000000000000000000000000000000000000000000000000000000000000000000000000000000000000000000000000000000000000000000000000000000000000000000000000000000000000000000000000000000000000000000000000000000000000000000000000000000000000000000000000000000000000000000000000000000000000000000000000000000000000000000000000000000000000000000000000000000000000000000000000000000000000000000000000000000000000000000000000000000000000000000000000000000000000000000000000000000000000000000000000000000000000000000000000000000000000000000000000000000000000000000000000000000000000000000000000000000000000000000000000000000000000000000000000000000000000000000000000000000000000000000000000000000000000000000000000000000000000000000000000000000000000000000000000000000000000000000000000000000000000000000000000000000000000000000000000000000000000000000000000000000000000000000000000000000000000000000000000000000000000000000000000000000000000000000000000000000000000000000000000000000000000000000000
m_12_.jpg,0000000000000000000000000000000000000000000000000000000000000000000000000000000000000000000000000000000000000000000000000000000000000000000000000000000000000000000000000000000000000000000000000000000000000000000000000000000000000000000000000000000000000000000000000000000000000000000000000000000000000000000000000000000000000000000000000000000000000000000000000000000000000000000000000000000000000000000000000000000000000000001001111000011110000000000000000011111111011111110000000000000000111000111110001100000000000000001100000111000011000000000000000011000001100000110000000000000000110000011000001100000000000000001100000110000011000000000000000011000001100000110000000000000000110000011000001100000000000000001100000110000011000000000000000011000001100000110000000000000000110000011000001100000000000000001100000110000011000000000000000000000000000000000000000000000000000000000000000000000000000000000000000000000000000000000000000000000000000000000000000000000000000000000000000000000000000000000000000000000000000000
A_26_.jpg,0000000000000000000000000000000000000000000000000000000000000000000000000000000000000000000000000000000000000000000000000000000000000000000000000000000000000000000000000000000000000000000000000000000000000000000000000000000000000000000000000000000000000000000000000000000000000000000000000000000000000011100000000000000000000000000000111100000000000000000000000000001111000000000000000000000000000110110000000000000000000000000001100110000000000000000000000000111001100000000000000000000000001100011100000000000000000000000011000011000000000000000000000001110000111000000000000000000000011000000110000000000000000000000111111111100000000000000000000011111111111100000000000000000000110000000011000000000000000000011100000000111000000000000000000110000000001110000000000000000001100000000001100000000000000000111000000000011100000000000000000000000000000000000000000000000000000000000000000000000000000000000000000000000000000000000000000000000000000000000000000000000000000000000000000000000000000000000000000000000000000000
N_39_.jpg,0000000000000000000000000000000000000000000000000000000000000000000000000000000000000000000000000000000000000000000000000000000000000000000000000000000000000000000000000000000000000000000000000000000000000000000000000000000000000000000000000000000000000000000000000000000000000000000000000000000000110000000001100000000000000000001110000000011000000000000000000011110000000110000000000000000000111100000001100000000000000000001101100000011000000000000000000011001100000110000000000000000000110011000001100000000000000000001100011000011000000000000000000011000011000110000000000000000000110000110001100000000000000000001100000110011000000000000000000011000001110110000000000000000000110000001101100000000000000000001100000001111000000000000000000011000000011110000000000000000000110000000011100000000000000000001100000000011000000000000000000000000000000000000000000000000000000000000000000000000000000000000000000000000000000000000000000000000000000000000000000000000000000000000000000000000000000000000000000000000000000000
s_18_.jpg,0000000000000000000000000000000000000000000000000000000000000000000000000000000000000000000000000000000000000000000000000000000000000000000000000000000000000000000000000000000000000000000000000000000000000000000000000000000000000000000000000000000000000000000000000000000000000000000000000000000000000000000000000000000000000000000000000000000000000000000000000000000000000000000000000000000000000000000000000000000000000000000111110000000000000000000000000011111111000000000000000000000001110000110000000000000000000000011000001100000000000000000000000111000000000000000000000000000000111111000000000000000000000000000111111100000000000000000000000000001111100000000000000000000000000000011000000000000000000000011000000110000000000000000000000111000011100000000000000000000000111111110000000000000000000000000111110000000000000000000000000000000000000000000000000000000000000000000000000000000000000000000000000000000000000000000000000000000000000000000000000000000000000000000000000000000000000000000000000000000000000000
o_14_.jpg,0000000000000000000000000000000000000000000000000000000000000000000000000000000000000000000000000000000000000000000000000000000000000000000000000000000000000000000000000000000000000000000000000000000000000000000000000000000000000000000000000000000000000000000000000000000000000000000000000000000000000000000000000000000000000000000000000000000000000000000000000000000000000000000000000000000000000000000000000000000000000000000011111000000000000000000000000001111111100000000000000000000000111000011000000000000000000000011100000011000000000000000000000110000000110000000000000000000001100000001100000000000000000000011000000011000000000000000000000110000000110000000000000000000001100000001100000000000000000000011100000011000000000000000000000011100011100000000000000000000000011111111000000000000000000000000011111000000000000000000000000000000000000000000000000000000000000000000000000000000000000000000000000000000000000000000000000000000000000000000000000000000000000000000000000000000000000000000000000000000000000000
v_21_.jpg,0000000000000000000000000000000000000000000000000000000000000000000000000000000000000000000000000000000000000000000000000000000000000000000000000000000000000000000000000000000000000000000000000000000000000000000000000000000000000000000000000000000000000000000000000000000000000000000000000000000000000000000000000000000000000000000000000000000000000000000000000000000000000000000000000000000000000000000000000000000000000000011000000111000000000000000000000110000001100000000000000000000001100000011000000000000000000000001100001100000000000000000000000011000011000000000000000000000000110000110000000000000000000000000110011000000000000000000000000001100110000000000000000000000000011001100000000000000000000000000011110000000000000000000000000000111100000000000000000000000000000111000000000000000000000000000001100000000000000000000000000000000000000000000000000000000000000000000000000000000000000000000000000000000000000000000000000000000000000000000000000000000000000000000000000000000000000000000000000000000000000000
K_36_.jpg,0000000000000000000000000000000000000000000000000000000000000000000000000000000000000000000000000000000000000000000000000000000000000000000000000000000000000000000000000000000000000000000000000000000000000000000000000000000000000000000000000000000000000000000000000000000000000000000000000000000000110000000011100000000000000000001100000001110000000000000000000011000000111000000000000000000000110000011100000000000000000000001100001110000000000000000000000011000111000000000000000000000000110011100000000000000000000000001101111000000000000000000000000011111111000000000000000000000000111100110000000000000000000000001110001110000000000000000000000011000001110000000000000000000000110000001110000000000000000000001100000011100000000000000000000011000000011100000000000000000000110000000011100000000000000000001100000000011100000000000000000000000000000000000000000000000000000000000000000000000000000000000000000000000000000000000000000000000000000000000000000000000000000000000000000000000000000000000000000000000000000000
y_24_.jpg,0000000000000000000000000000000000000000000000000000000000000000000000000000000000000000000000000000000000000000000000000000000000000000000000000000000000000000000000000000000000000000000000000000000000000000000000000000000000000000000000000000000000000000000000000000000000000000000000000000000000000000000000000000000000000000000000000000000000000000000000000000000000000000000000000000000000000000000000000000000000000000011000000111000000000000000000000110000001100000000000000000000001110000011000000000000000000000001100001110000000000000000000000011000011000000000000000000000000111000110000000000000000000000000110011000000000000000000000000001100110000000000000000000000000001101100000000000000000000000000011110000000000000000000000000000111100000000000000000000000000000111000000000000000000000000000001100000000000000000000000000000011000000000000000000000000000000110000000000000000000000000000011000000000000000000000000000111110000000000000000000000000000111000000000000000000000000000000000000000000000000000
a_0_.jpg,0000000000000000000000000000000000000000000000000000000000000000000000000000000000000000000000000000000000000000000000000000000000000000000000000000000000000000000000000000000000000000000000000000000000000000000000000000000000000000000000000000000000000000000000000000000000000000000000000000000000000000000000000000000000000000000000000000000000000000000000000000000000000000000000000000000000000000000000000000000000000000000011111100000000000000000000000011111111100000000000000000000000110000011000000000000000000000011100000111000000000000000000000000000000110000000000000000000000000001111100000000000000000000000111111111000000000000000000000011111001110000000000000000000001110000011100000000000000000000011000000111000000000000000000000111000011110000000000000000000000111111101100000000000000000000000111110011000000000000000000000000000000000000000000000000000000000000000000000000000000000000000000000000000000000000000000000000000000000000000000000000000000000000000000000000000000000000000000000000000000000000
U_46_.jpg,0000000000000000000000000000000000000000000000000000000000000000000000000000000000000000000000000000000000000000000000000000000000000000000000000000000000000000000000000000000000000000000000000000000000000000000000000000000000000000000000000000000000000000000000000000000000000000000000000000000000110000000001100000000000000000001100000000011000000000000000000011000000000110000000000000000000110000000001100000000000000000001100000000011000000000000000000011000000000110000000000000000000110000000001100000000000000000001100000000011000000000000000000011000000000110000000000000000000110000000001100000000000000000001100000000011000000000000000000011000000000110000000000000000000111000000001100000000000000000001110000000111000000000000000000001110000011100000000000000000000001111111110000000000000000000000000111111000000000000000000000000000000000000000000000000000000000000000000000000000000000000000000000000000000000000000000000000000000000000000000000000000000000000000000000000000000000000000000000000000000000000
d_3_.jpg,0000000000000000000000000000000000000000000000000000000000000000000000000000000000000000000000000000000000000000000000000000000000000000000000000000000000000000000000000000000000000000000000000000000000000000000000000000000000000000000000000000000000000000000000000000000000000000000000000000000000000000001100000000000000000000000000000011000000000000000000000000000001110000000000000000000000000000011100000000000000000000000011110011000000000000000000000011111111110000000000000000000000111000111100000000000000000000011100000111000000000000000000000110000001110000000000000000000001100000001100000000000000000000011000000011000000000000000000000110000000110000000000000000000001100000011100000000000000000000011100000111000000000000000000000011100011110000000000000000000000011111111100000000000000000000000011110011000000000000000000000000000000000000000000000000000000000000000000000000000000000000000000000000000000000000000000000000000000000000000000000000000000000000000000000000000000000000000000000000000000000000
g_6_.jpg,0000000000000000000000000000000000000000000000000000000000000000000000000000000000000000000000000000000000000000000000000000000000000000000000000000000000000000000000000000000000000000000000000000000000000000000000000000000000000000000000000000000000000000000000000000000000000000000000000000000000000000000000000000000000000000000000000000000000000000000000000000000000000000000000000000000000000000000000000000000000000000000011110011000000000000000000000001111111110000000000000000000000111000111100000000000000000000011100000111000000000000000000000110000001110000000000000000000001100000001100000000000000000000011000000011000000000000000000000110000000110000000000000000000001100000011100000000000000000000011100000111000000000000000000000011100011110000000000000000000000011111111100000000000000000000000011110011000000000000000000000000000000110000000000000000000001100000011000000000000000000000011100001110000000000000000000000011111111000000000000000000000000001111100000000000000000000000000000000000000000000000
D_29_.jpg,0000000000000000000000000000000000000000000000000000000000000000000000000000000000000000000000000000000000000000000000000000000000000000000000000000000000000000000000000000000000000000000000000000000000000000000000000000000000000000000000000000000000000000000000000000000000000000000000000000000000111111111000000000000000000000001111111111100000000000000000000011000000011100000000000000000000110000000011100000000000000000001100000000011000000000000000000011000000000111000000000000000000110000000000110000000000000000001100000000001100000000000000000011000000000011000000000000000000110000000000110000000000000000001100000000001100000000000000000011000000000111000000000000000000110000000001100000000000000000001100000000111000000000000000000011000000011100000000000000000000111111111110000000000000000000001111111110000000000000000000000000000000000000000000000000000000000000000000000000000000000000000000000000000000000000000000000000000000000000000000000000000000000000000000000000000000000000000000000000000000000000
